{"schemaVersion":"1.0","appDefinitionTemplate":{"id":"/providers/Microsoft.PowerApps/apps/","type":"Microsoft.PowerApps/apps","tags":{"primaryDeviceWidth":"640","primaryDeviceHeight":"1136","supportsPortrait":"true","supportsLandscape":"false","primaryFormFactor":"Phone","publisherVersion":"3.22053.10","minimumRequiredApiVersion":"2.2.0","hasComponent":"false","hasUnlockedComponent":"false","isUnifiedRootApp":"false","sienaVersion":"20220525T000942Z-3.22053.10.0"},"properties":{"appVersion":"2022-05-25T00:09:42Z","lifeCycleId":"Published","createdByClientVersion":{"major":3,"minor":22053,"build":10,"revision":0,"majorRevision":0,"minorRevision":0},"minClientVersion":{"major":3,"minor":22053,"build":10,"revision":0,"majorRevision":0,"minorRevision":0},"backgroundColor":"RGBA(0,176,240,1)","backgroundImageUri":"/9055167004077093664/N4ad2285e-6fc5-4541-b330-2b57048cb952-logoSmallFile","displayName":"Man-Hybrid-App-Cosmos","description":"","commitMessage":"","appUris":{"documentUri":{"value":"/9055167004077093664/Neb385c55-5549-4cd1-a9c6-85c7defd94cf-document.msapp"},"imageUris":[]},"createdTime":"0001-01-01T00:00:00Z","lastModifiedTime":"0001-01-01T00:00:00Z","sharedGroupsCount":0,"sharedUsersCount":0,"icons":{"smallIconUri":"/9055167004077093664/N761b3adf-a9b0-4068-aae8-1b6e62de3d62-small.png","mediumIconUri":"/9055167004077093664/N41f1230b-eff7-4ecf-bb7c-e69724b42871-medium.png","largeIconUri":"/9055167004077093664/N5dbc4b8c-ed15-42b8-8c8a-eb4375e5099e-large.png","wideIconUri":"/9055167004077093664/N8e73cc16-fc1c-42d4-8b6a-bd0cef5b0bae-wide.png"},"connectionReferences":{"296d827a-a486-4d5c-8d7a-1022b8b49bca":{"id":"0f128de1-f477-4265-a4a7-4f753111013f","displayName":"Office 365 Users","iconUri":"https://connectoricons-prod.azureedge.net/releases/v1.0.1573/1.0.1573.2770/office365users/icon.png","dataSources":["Office365Users"],"dependencies":[],"dependents":[],"parameterHints":{},"parameterHintsV2":{},"isOnPremiseConnection":false,"bypassConsent":false,"dataSets":{},"apiTier":"Standard","isCustomApiConnection":false,"actions":["MyProfile"]},"8975992d-9b3f-4e4b-9a3a-5c4977779f3d":{"id":"95ad9210-3a23-4b83-b33e-7db092ca81c6","displayName":"cosmosmodernworkapi","iconUri":"https://az787822.vo.msecnd.net/defaulticons/api-dedicated.png","dataSources":["AzureFunctionsOpenAPIExtension"],"dependencies":[],"dependents":[],"parameterHints":{},"parameterHintsV2":{},"isOnPremiseConnection":false,"bypassConsent":false,"dataSets":{},"apiTier":"Standard","isCustomApiConnection":true,"actions":["getcosmosdbworkstation","updatesekdetails","fungetworkstationbybar"]}},"databaseReferences":{},"almMode":"Environment","performanceOptimizationEnabled":true,"canConsumeAppPass":true,"executionRestrictions":{"isTeamsOnly":false,"dataLossPreventionEvaluationResult":{"status":"Compliant","lastEvaluationDate":"2022-05-08T20:03:36.7133943Z","violations":[],"violationsByPolicy":[],"violationErrorMessage":"The app uses the following connectors: shared_sql."}}},"appType":"ClassicCanvasApp","appComponents":[]}}